TEAM,GP,GF/G,A,PTS,PPG,PP%,SHG,S,S%,PIM,PK%,GA/G,W,L,OTL,SA,GA,PTS%
,,,,,,,,,,,,,,,,,,
Vancouver Canucks,82,3.1,439,693,69,18.5,3,2326,10.9,1342,85,2.57,42,33,0,2079,211,0.512195122
,,,,,,,,,,,,,,,,,,
Detroit Red Wings,82,3.06,433,684,73,20.3,9,2538,9.9,1053,86,2.28,51,21,0,2159,187,0.62195122
,,,,,,,,,,,,,,,,,,
Toronto Maple Leafs,82,3.04,426,675,54,15.5,9,2339,10.6,1212,84.5,2.52,43,29,0,2044,207,0.524390244
,,,,,,,,,,,,,,,,,,
San Jose Sharks,82,3.02,411,659,59,16,15,2228,11.1,1249,85.8,2.43,44,30,0,2335,199,0.536585366
,,,,,,,,,,,,,,,,,,
Ottawa Senators,82,2.96,383,626,55,16.6,11,2469,9.8,1347,84.4,2.54,39,34,0,2126,208,0.475609756
,,,,,,,,,,,,,,,,,,
New York Islanders,82,2.91,402,641,59,16.3,17,2319,10.3,1255,85.8,2.68,42,32,0,2285,220,0.512195122
,,,,,,,,,,,,,,,,,,
Boston Bruins,82,2.88,387,623,39,13.8,14,2596,9.1,1454,87.1,2.45,43,33,0,2057,201,0.524390244
,,,,,,,,,,,,,,,,,,
Philadelphia Flyers,82,2.85,386,620,39,13,8,2442,9.6,1242,86.3,2.34,42,30,0,2139,192,0.512195122
,,,,,,,,,,,,,,,,,,
Washington Capitals,82,2.78,393,621,58,19.4,2,2293,9.9,1043,82.2,2.93,36,35,0,2357,240,0.43902439
,,,,,,,,,,,,,,,,,,
Arizona Coyotes,82,2.78,381,609,53,15.6,8,2179,10.5,1154,83.1,2.56,40,33,0,2349,210,0.487804878
,,,,,,,,,,,,,,,,,,
New York Rangers,82,2.77,385,612,48,14.7,8,2392,9.5,1753,79.9,3.15,36,42,0,2618,258,0.43902439
,,,,,,,,,,,,,,,,,,
St. Louis Blues,82,2.77,391,618,62,17.4,5,2380,9.5,1343,85.2,2.29,43,31,0,1847,188,0.524390244
,,,,,,,,,,,,,,,,,,
Carolina Hurricanes,82,2.65,369,586,63,16.1,4,2347,9.2,1022,83.7,2.65,35,31,0,2214,217,0.426829268
,,,,,,,,,,,,,,,,,,
Chicago Blackhawks,82,2.63,385,601,54,17.9,4,2271,9.5,1234,81.5,2.52,41,28,0,2077,207,0.5
,,,,,,,,,,,,,,,,,,
Dallas Stars,82,2.62,367,582,60,17.1,7,2335,9.2,959,81.5,2.6,36,33,0,2135,213,0.43902439
,,,,,,,,,,,,,,,,,,
Los Angeles Kings,82,2.61,375,589,73,20.7,5,2110,10.1,1348,86.6,2.32,40,31,0,2051,190,0.487804878
,,,,,,,,,,,,,,,,,,
Buffalo Sabres,82,2.6,348,561,50,13.3,7,2295,9.3,1217,86.5,2.44,35,36,0,2120,200,0.426829268
,,,,,,,,,,,,,,,,,,
Colorado Avalanche,82,2.59,366,578,62,18,7,2252,9.4,1007,87,2.06,45,29,0,2177,169,0.548780488
,,,,,,,,,,,,,,,,,,
Montreal Canadiens,82,2.52,351,558,45,15,7,2092,9.9,974,86.3,2.55,36,34,0,2597,209,0.43902439
,,,,,,,,,,,,,,,,,,
Edmonton Oilers,82,2.5,343,548,51,15.3,12,2256,9.1,1267,85.6,2.22,38,32,0,2120,182,0.463414634
,,,,,,,,,,,,,,,,,,
New Jersey Devils,82,2.5,353,558,44,16.9,2,2445,8.4,1010,83.8,2.28,41,32,0,1900,187,0.5
,,,,,,,,,,,,,,,,,,
Calgary Flames,82,2.45,331,532,55,15.1,10,2207,9.1,1581,81.5,2.68,32,38,0,2242,220,0.390243902
,,,,,,,,,,,,,,,,,,
Pittsburgh Penguins,82,2.41,341,539,47,14,5,2215,8.9,1248,83.8,3.04,28,46,0,2394,249,0.341463415
,,,,,,,,,,,,,,,,,,
Nashville Predators,82,2.39,326,522,48,14.2,6,2019,9.7,1071,85.9,2.81,28,41,0,2314,230,0.341463415
,,,,,,,,,,,,,,,,,,
Minnesota Wild,82,2.38,329,524,55,14.7,11,1954,10,1209,82.9,2.9,26,44,0,2297,238,0.317073171
,,,,,,,,,,,,,,,,,,
Winnipeg Jets,82,2.28,292,479,37,12.1,3,1984,9.4,1290,81.8,3.51,19,52,0,2911,288,0.231707317
,,,,,,,,,,,,,,,,,,
Florida Panthers,82,2.2,300,480,50,14.7,8,2205,8.2,1994,80.7,3.05,22,50,0,2666,250,0.268292683
,,,,,,,,,,,,,,,,,,
Tampa Bay Lightning,82,2.17,303,481,46,14.7,6,2179,8.2,1072,85.3,2.67,27,44,0,2523,219,0.329268293
,,,,,,,,,,,,,,,,,,
Anaheim Ducks,82,2.13,295,470,43,11.5,4,2142,8.2,1254,86.1,2.42,29,45,0,2253,198,0.353658537
,,,,,,,,,,,,,,,,,,
Columbus Blue Jackets,82,2,276,440,50,14,3,2046,8,1198,83,3.11,22,52,0,2469,255,0.268292683
,,,,,,,,,,,,,,,,,,
Detroit Red Wings,82,3.28,459,728,76,23.8,11,2441,11,1214,85.4,2.48,48,24,0,2361,203,0.585365854
,,,,,,,,,,,,,,,,,,
Vancouver Canucks,82,3.22,458,722,87,20.7,12,2388,11.1,1178,84.1,2.54,45,24,0,2185,208,0.548780488
,,,,,,,,,,,,,,,,,,
Ottawa Senators,82,3.21,458,721,83,21.2,4,2442,10.8,1135,84.9,2.22,52,22,0,2033,182,0.634146341
,,,,,,,,,,,,,,,,,,
St. Louis Blues,82,3.09,446,699,80,20.5,11,2301,11,1608,81.7,2.71,41,30,0,2047,222,0.5
,,,,,,,,,,,,,,,,,,
Colorado Avalanche,82,3.06,448,699,68,18.7,5,2386,10.5,1084,82.5,2.37,42,27,0,2323,194,0.512195122
,,,,,,,,,,,,,,,,,,
Boston Bruins,82,2.99,409,654,59,18.2,10,2636,9.3,1370,82.7,2.89,36,35,0,2322,237,0.43902439
,,,,,,,,,,,,,,,,,,
Dallas Stars,82,2.99,416,661,62,19,9,2466,9.9,1166,85.5,2.06,46,21,0,2073,169,0.56097561
,,,,,,,,,,,,,,,,,,
Toronto Maple Leafs,82,2.88,411,647,63,17.5,11,2153,11,1390,86.9,2.54,44,31,0,2423,208,0.536585366
,,,,,,,,,,,,,,,,,,
Edmonton Oilers,82,2.82,398,629,56,14.5,13,2293,10.1,1203,82.6,2.81,36,35,0,2248,230,0.43902439
,,,,,,,,,,,,,,,,,,
Winnipeg Jets,82,2.76,365,591,64,17.3,8,2163,10.4,1253,81.7,3.46,31,44,0,2593,284,0.37804878
,,,,,,,,,,,,,,,,,,
New York Islanders,82,2.73,388,612,58,15.1,12,2427,9.2,1244,83.5,2.82,35,36,0,2318,231,0.426829268
,,,,,,,,,,,,,,,,,,
Washington Capitals,82,2.73,399,623,57,17.2,8,2223,10.1,1268,81.3,2.68,39,35,0,2454,220,0.475609756
,,,,,,,,,,,,,,,,,,
Tampa Bay Lightning,82,2.67,388,607,70,17.9,6,2395,9.1,1079,82.6,2.56,36,30,0,2298,210,0.43902439
,,,,,,,,,,,,,,,,,,
New Jersey Devils,82,2.63,368,584,36,11.9,7,2601,8.3,938,87.9,2.02,46,26,0,1933,166,0.56097561
,,,,,,,,,,,,,,,,,,
San Jose Sharks,82,2.61,368,582,68,18.1,5,2303,9.3,1112,81,2.92,28,45,0,2392,239,0.341463415
,,,,,,,,,,,,,,,,,,
Columbus Blue Jackets,82,2.6,362,575,71,17.3,12,2143,9.9,1505,85.3,3.21,29,45,0,2641,263,0.353658537
,,,,,,,,,,,,,,,,,,
Philadelphia Flyers,82,2.57,345,556,47,14.3,8,2537,8.3,1003,85.2,2.02,45,24,0,2019,166,0.548780488
,,,,,,,,,,,,,,,,,,
New York Rangers,82,2.56,342,552,55,16.2,8,2465,8.5,1306,81.2,2.82,32,40,0,2426,231,0.390243902
,,,,,,,,,,,,,,,,,,
Chicago Blackhawks,82,2.52,349,556,39,12.7,8,2279,9.1,1189,84.8,2.76,30,39,0,2345,226,0.365853659
,,,,,,,,,,,,,,,,,,
Montreal Canadiens,82,2.51,347,553,44,14,2,2119,9.7,900,81.7,2.85,30,44,0,2678,234,0.365853659
,,,,,,,,,,,,,,,,,,
Arizona Coyotes,82,2.49,360,564,55,14.3,4,2297,8.9,1433,81.3,2.81,31,40,0,2458,230,0.37804878
,,,,,,,,,,,,,,,,,,
Los Angeles Kings,82,2.48,341,544,52,14.6,8,2272,8.9,1146,83.3,2.7,33,43,0,2141,221,0.402439024
,,,,,,,,,,,,,,,,,,
Anaheim Ducks,82,2.48,355,558,56,16.1,8,2246,9,954,87.4,2.35,40,33,0,2377,193,0.487804878
,,,,,,,,,,,,,,,,,,
Minnesota Wild,82,2.41,327,525,52,14.2,9,2086,9.5,1063,86,2.17,42,30,0,2335,178,0.512195122
,,,,,,,,,,,,,,,,,,
Buffalo Sabres,82,2.32,324,514,51,14.4,8,2345,8.1,1276,85.4,2.67,27,45,0,2297,219,0.329268293
,,,,,,,,,,,,,,,,,,
Pittsburgh Penguins,82,2.3,334,523,66,18.3,3,2079,9.1,1125,83.5,3.11,27,49,0,2535,255,0.329268293
,,,,,,,,,,,,,,,,,,
Calgary Flames,82,2.27,315,501,47,12.1,5,2341,7.9,1391,83.3,2.78,29,40,0,2222,228,0.353658537
,,,,,,,,,,,,,,,,,,
Nashville Predators,82,2.23,303,486,58,13.9,2,2316,7.9,969,82.7,2.51,27,42,0,2252,206,0.329268293
,,,,,,,,,,,,,,,,,,
Florida Panthers,82,2.15,286,462,49,14.1,7,2229,7.9,1127,81.5,2.89,24,45,0,2725,237,0.292682927
,,,,,,,,,,,,,,,,,,
Carolina Hurricanes,82,2.09,286,457,58,13.8,6,2414,7.1,1208,81.9,2.93,22,49,0,2332,240,0.268292683
,,,,,,,,,,,,,,,,,,
Ottawa Senators,82,3.2,432,694,80,21.6,6,2421,10.8,1270,83.6,2.31,43,29,0,2040,189,0.524390244
,,,,,,,,,,,,,,,,,,
Detroit Red Wings,82,3.11,432,687,63,20.1,15,2484,10.3,966,86.8,2.31,48,23,0,2151,189,0.585365854
,,,,,,,,,,,,,,,,,,
Tampa Bay Lightning,82,2.99,415,660,55,16.3,15,2460,10,985,84.8,2.34,46,28,0,2085,192,0.56097561
,,,,,,,,,,,,,,,,,,
Toronto Maple Leafs,82,2.95,423,665,75,20.1,8,2253,10.7,1452,83.4,2.49,45,27,0,2167,204,0.548780488
,,,,,,,,,,,,,,,,,,
New York Islanders,82,2.89,380,617,54,16.7,11,2341,10.1,1168,85.5,2.56,38,33,0,2244,210,0.463414634
,,,,,,,,,,,,,,,,,,
Colorado Avalanche,82,2.88,418,654,74,20.4,7,2411,9.8,1293,83.8,2.42,40,29,0,2325,198,0.487804878
,,,,,,,,,,,,,,,,,,
Vancouver Canucks,82,2.87,410,645,56,15,5,2379,9.9,1274,86,2.37,43,29,0,2183,194,0.524390244
,,,,,,,,,,,,,,,,,,
Philadelphia Flyers,82,2.79,403,632,65,20.7,7,2411,9.5,1357,83.3,2.27,40,27,0,2092,186,0.487804878
,,,,,,,,,,,,,,,,,,
Edmonton Oilers,82,2.7,363,584,44,13,13,2332,9.5,1220,81.1,2.54,36,34,0,2175,208,0.43902439
,,,,,,,,,,,,,,,,,,
Buffalo Sabres,82,2.68,360,580,58,15.8,7,2301,9.6,1289,84.8,2.7,37,38,0,2340,221,0.451219512
,,,,,,,,,,,,,,,,,,
San Jose Sharks,82,2.67,376,595,56,16.6,9,2300,9.5,1091,85.3,2.23,43,27,0,2373,183,0.524390244
,,,,,,,,,,,,,,,,,,
Nashville Predators,82,2.63,373,589,72,16.9,14,2227,9.7,1360,81.8,2.65,38,33,0,2335,217,0.463414634
,,,,,,,,,,,,,,,,,,
Winnipeg Jets,82,2.61,368,582,60,14.7,11,2141,10,1505,85.2,2.96,33,41,0,2411,243,0.402439024
,,,,,,,,,,,,,,,,,,
New Jersey Devils,82,2.6,375,588,51,16.3,8,2433,8.8,894,85.3,2,43,27,0,2001,164,0.524390244
,,,,,,,,,,,,,,,,,,
Boston Bruins,82,2.55,343,552,48,16,7,2500,8.4,1208,83.6,2.29,41,26,0,2280,188,0.5
,,,,,,,,,,,,,,,,,,
Montreal Canadiens,82,2.54,354,562,55,17.2,5,2270,9.2,1039,82.5,2.34,41,34,0,2344,192,0.5
,,,,,,,,,,,,,,,,,,
New York Rangers,82,2.51,356,562,46,14.3,6,2416,8.5,1459,79.4,3.05,27,48,0,2396,250,0.329268293
,,,,,,,,,,,,,,,,,,
Los Angeles Kings,82,2.5,358,563,50,14,9,2349,8.7,1163,80.7,2.65,28,38,0,2213,217,0.341463415
,,,,,,,,,,,,,,,,,,
Calgary Flames,82,2.44,338,538,54,15.1,11,2248,8.9,1426,84.7,2.15,42,33,0,2090,176,0.512195122
,,,,,,,,,,,,,,,,,,
Dallas Stars,82,2.37,344,538,52,15.9,5,2196,8.8,1143,85.9,2.13,41,28,0,1902,175,0.5
,,,,,,,,,,,,,,,,,,
St. Louis Blues,82,2.33,323,514,61,17.9,7,2223,8.6,1274,84.5,2.42,39,32,0,2103,198,0.475609756
,,,,,,,,,,,,,,,,,,
Pittsburgh Penguins,82,2.32,332,522,65,18.1,7,2029,9.4,1270,77.2,3.7,23,51,0,2720,303,0.280487805
,,,,,,,,,,,,,,,,,,
Chicago Blackhawks,82,2.29,326,514,55,15.8,5,2401,7.8,1318,83.5,3.16,20,51,0,2521,259,0.243902439
,,,,,,,,,,,,,,,,,,
Arizona Coyotes,82,2.29,319,507,51,14.2,9,2171,8.7,1300,82.2,2.99,22,42,0,2506,245,0.268292683
,,,,,,,,,,,,,,,,,,
Florida Panthers,82,2.29,307,495,52,16.8,7,2273,8.3,1192,86.3,2.7,28,39,0,2828,221,0.341463415
,,,,,,,,,,,,,,,,,,
Minnesota Wild,82,2.29,313,501,46,13.6,7,1982,9.5,1035,84.5,2.23,30,32,0,2383,183,0.365853659
,,,,,,,,,,,,,,,,,,
Washington Capitals,82,2.27,318,504,64,19.2,4,1946,9.6,1282,81.3,3.09,23,49,0,2586,253,0.280487805
,,,,,,,,,,,,,,,,,,
Anaheim Ducks,82,2.24,314,498,56,18.1,5,2438,7.5,1131,84.7,2.6,29,43,0,2443,213,0.353658537
,,,,,,,,,,,,,,,,,,
Columbus Blue Jackets,82,2.16,296,473,58,14.5,5,2280,7.8,1209,85.2,2.9,25,49,0,2623,238,0.304878049
,,,,,,,,,,,,,,,,,,
Carolina Hurricanes,82,2.1,283,455,41,10.7,9,2394,7.2,1102,81.6,2.55,28,40,0,2150,209,0.341463415
,,,,,,,,,,,,,,,,,,
Ottawa Senators,82,3.2,432,694,80,21.6,6,2421,10.8,1270,83.6,2.31,43,29,0,2040,189,0.524390244
,,,,,,,,,,,,,,,,,,
Detroit Red Wings,82,3.11,432,687,63,20.1,15,2484,10.3,966,86.8,2.31,48,23,0,2151,189,0.585365854
,,,,,,,,,,,,,,,,,,
Tampa Bay Lightning,82,2.99,415,660,55,16.3,15,2460,10,985,84.8,2.34,46,28,0,2085,192,0.56097561
,,,,,,,,,,,,,,,,,,
Toronto Maple Leafs,82,2.95,423,665,75,20.1,8,2253,10.7,1452,83.4,2.49,45,27,0,2167,204,0.548780488
,,,,,,,,,,,,,,,,,,
New York Islanders,82,2.89,380,617,54,16.7,11,2341,10.1,1168,85.5,2.56,38,33,0,2244,210,0.463414634
,,,,,,,,,,,,,,,,,,
Colorado Avalanche,82,2.88,418,654,74,20.4,7,2411,9.8,1293,83.8,2.42,40,29,0,2325,198,0.487804878
,,,,,,,,,,,,,,,,,,
Vancouver Canucks,82,2.87,410,645,56,15,5,2379,9.9,1274,86,2.37,43,29,0,2183,194,0.524390244
,,,,,,,,,,,,,,,,,,
Philadelphia Flyers,82,2.79,403,632,65,20.7,7,2411,9.5,1357,83.3,2.27,40,27,0,2092,186,0.487804878
,,,,,,,,,,,,,,,,,,
Edmonton Oilers,82,2.7,363,584,44,13,13,2332,9.5,1220,81.1,2.54,36,34,0,2175,208,0.43902439
,,,,,,,,,,,,,,,,,,
Buffalo Sabres,82,2.68,360,580,58,15.8,7,2301,9.6,1289,84.8,2.7,37,38,0,2340,221,0.451219512
,,,,,,,,,,,,,,,,,,
San Jose Sharks,82,2.67,376,595,56,16.6,9,2300,9.5,1091,85.3,2.23,43,27,0,2373,183,0.524390244
,,,,,,,,,,,,,,,,,,
Nashville Predators,82,2.63,373,589,72,16.9,14,2227,9.7,1360,81.8,2.65,38,33,0,2335,217,0.463414634
,,,,,,,,,,,,,,,,,,
Winnipeg Jets,82,2.61,368,582,60,14.7,11,2141,10,1505,85.2,2.96,33,41,0,2411,243,0.402439024
,,,,,,,,,,,,,,,,,,
New Jersey Devils,82,2.6,375,588,51,16.3,8,2433,8.8,894,85.3,2,43,27,0,2001,164,0.524390244
,,,,,,,,,,,,,,,,,,
Boston Bruins,82,2.55,343,552,48,16,7,2500,8.4,1208,83.6,2.29,41,26,0,2280,188,0.5
,,,,,,,,,,,,,,,,,,
Montreal Canadiens,82,2.54,354,562,55,17.2,5,2270,9.2,1039,82.5,2.34,41,34,0,2344,192,0.5
,,,,,,,,,,,,,,,,,,
New York Rangers,82,2.51,356,562,46,14.3,6,2416,8.5,1459,79.4,3.05,27,48,0,2396,250,0.329268293
,,,,,,,,,,,,,,,,,,
Los Angeles Kings,82,2.5,358,563,50,14,9,2349,8.7,1163,80.7,2.65,28,38,0,2213,217,0.341463415
,,,,,,,,,,,,,,,,,,
Calgary Flames,82,2.44,338,538,54,15.1,11,2248,8.9,1426,84.7,2.15,42,33,0,2090,176,0.512195122
,,,,,,,,,,,,,,,,,,
Dallas Stars,82,2.37,344,538,52,15.9,5,2196,8.8,1143,85.9,2.13,41,28,0,1902,175,0.5
,,,,,,,,,,,,,,,,,,
St. Louis Blues,82,2.33,323,514,61,17.9,7,2223,8.6,1274,84.5,2.42,39,32,0,2103,198,0.475609756
,,,,,,,,,,,,,,,,,,
Pittsburgh Penguins,82,2.32,332,522,65,18.1,7,2029,9.4,1270,77.2,3.7,23,51,0,2720,303,0.280487805
,,,,,,,,,,,,,,,,,,
Chicago Blackhawks,82,2.29,326,514,55,15.8,5,2401,7.8,1318,83.5,3.16,20,51,0,2521,259,0.243902439
,,,,,,,,,,,,,,,,,,
Arizona Coyotes,82,2.29,319,507,51,14.2,9,2171,8.7,1300,82.2,2.99,22,42,0,2506,245,0.268292683
,,,,,,,,,,,,,,,,,,
Florida Panthers,82,2.29,307,495,52,16.8,7,2273,8.3,1192,86.3,2.7,28,39,0,2828,221,0.341463415
,,,,,,,,,,,,,,,,,,
Minnesota Wild,82,2.29,313,501,46,13.6,7,1982,9.5,1035,84.5,2.23,30,32,0,2383,183,0.365853659
,,,,,,,,,,,,,,,,,,
Washington Capitals,82,2.27,318,504,64,19.2,4,1946,9.6,1282,81.3,3.09,23,49,0,2586,253,0.280487805
,,,,,,,,,,,,,,,,,,
Anaheim Ducks,82,2.24,314,498,56,18.1,5,2438,7.5,1131,84.7,2.6,29,43,0,2443,213,0.353658537
,,,,,,,,,,,,,,,,,,
Columbus Blue Jackets,82,2.16,296,473,58,14.5,5,2280,7.8,1209,85.2,2.9,25,49,0,2623,238,0.304878049
,,,,,,,,,,,,,,,,,,
Carolina Hurricanes,82,2.1,283,455,41,10.7,9,2394,7.2,1102,81.6,2.55,28,40,0,2150,209,0.341463415
,,,,,,,,,,,,,,,,,,
Ottawa Senators,82,3.8,528,840,102,20.8,25,2811,11.1,1462,84.7,2.5,52,21,9,2344,205,0.743902439
,,,,,,,,,,,,,,,,,,
Detroit Red Wings,82,3.67,519,820,102,22.1,7,2797,10.8,1117,85.5,2.5,58,16,8,2180,205,0.804878049
,,,,,,,,,,,,,,,,,,
Carolina Hurricanes,82,3.49,481,767,95,17.9,17,2553,11.2,1125,81.8,3.15,52,22,8,2497,258,0.731707317
,,,,,,,,,,,,,,,,,,
Colorado Avalanche,82,3.41,494,774,89,18.8,11,2464,11.4,1178,84.6,3.06,43,30,9,2415,251,0.634146341
,,,,,,,,,,,,,,,,,,
Buffalo Sabres,82,3.37,487,763,101,21.2,10,2510,11,1164,86.6,2.85,52,24,6,2502,234,0.707317073
,,,,,,,,,,,,,,,,,,
Winnipeg Jets,82,3.37,471,747,100,18.9,13,2522,10.9,1344,79.2,3.29,41,33,8,2483,270,0.597560976
,,,,,,,,,,,,,,,,,,
San Jose Sharks,82,3.23,456,721,91,18.2,10,2483,10.7,1058,80.7,2.87,44,27,11,2180,235,0.670731707
,,,,,,,,,,,,,,,,,,
Philadelphia Flyers,82,3.21,438,701,80,18,19,2552,10.3,1201,79.1,3.09,45,26,11,2372,253,0.682926829
,,,,,,,,,,,,,,,,,,
Toronto Maple Leafs,82,3.1,446,700,107,21.4,14,2323,10.9,1398,80,3.21,41,33,8,2509,263,0.597560976
,,,,,,,,,,,,,,,,,,
Dallas Stars,82,3.09,455,708,88,17.7,10,2336,10.8,1496,83.7,2.65,53,23,6,2099,217,0.719512195
,,,,,,,,,,,,,,,,,,
Nashville Predators,82,3.09,442,695,94,18.4,12,2380,10.6,1533,84.6,2.73,49,25,8,2663,224,0.695121951
,,,,,,,,,,,,,,,,,,
Vancouver Canucks,82,3.07,442,694,96,18.3,6,2358,10.7,1475,81.8,3.06,42,32,8,2466,251,0.609756098
,,,,,,,,,,,,,,,,,,
Anaheim Ducks,82,3.06,432,683,87,18.1,9,2585,9.7,1459,83.5,2.71,43,27,12,2431,222,0.670731707
,,,,,,,,,,,,,,,,,,
New York Rangers,82,3.05,434,684,83,18.9,4,2448,10.2,1194,83.7,2.57,44,26,12,2358,211,0.682926829
,,,,,,,,,,,,,,,,,,
Edmonton Oilers,82,3.04,438,687,88,18.1,15,2442,10.2,1204,84.1,2.95,41,28,13,2095,242,0.658536585
,,,,,,,,,,,,,,,,,,
Tampa Bay Lightning,82,3,437,683,81,16.7,11,2594,9.5,959,81.5,3.12,43,33,6,2260,256,0.597560976
,,,,,,,,,,,,,,,,,,
Los Angeles Kings,82,2.96,431,674,77,14.2,15,2394,10.2,1474,78.7,3.28,42,35,5,2459,269,0.573170732
,,,,,,,,,,,,,,,,,,
Pittsburgh Penguins,82,2.96,433,676,94,19,13,2297,10.6,1559,78.8,3.78,22,46,14,2723,310,0.43902439
,,,,,,,,,,,,,,,,,,
Arizona Coyotes,82,2.95,431,673,96,17.7,9,2318,10.4,1511,80.9,3.27,38,39,5,2480,268,0.524390244
,,,,,,,,,,,,,,,,,,
Montreal Canadiens,82,2.94,413,654,89,19.2,10,2470,9.8,1336,81.1,2.98,42,31,9,2507,244,0.62195122
,,,,,,,,,,,,,,,,,,
Florida Panthers,82,2.88,404,640,63,15.3,5,2724,8.7,1279,82.3,3.07,37,34,11,2853,252,0.585365854
,,,,,,,,,,,,,,,,,,
New Jersey Devils,82,2.84,417,650,78,17.8,3,2395,9.7,948,81.9,2.74,46,27,9,2403,225,0.670731707
,,,,,,,,,,,,,,,,,,
Washington Capitals,82,2.8,367,597,72,14.7,15,2445,9.4,1499,78.9,3.66,29,41,12,2880,300,0.5
,,,,,,,,,,,,,,,,,,
Boston Bruins,82,2.78,382,610,62,14.8,9,2511,9.1,1174,83.7,3.15,29,37,16,2633,258,0.548780488
,,,,,,,,,,,,,,,,,,
Minnesota Wild,82,2.76,386,612,77,17,11,2194,10.3,1209,87.4,2.59,38,36,8,2460,212,0.56097561
,,,,,,,,,,,,,,,,,,
New York Islanders,82,2.7,392,613,76,16.9,5,2481,8.9,1266,79.2,3.35,36,40,6,2549,275,0.512195122
,,,,,,,,,,,,,,,,,,
Calgary Flames,82,2.63,364,580,87,18.2,8,2299,9.4,1482,84.3,2.35,46,25,11,2261,193,0.695121951
,,,,,,,,,,,,,,,,,,
Columbus Blue Jackets,82,2.62,359,574,64,14.2,10,2250,9.6,1414,81.8,3.37,35,43,4,2762,276,0.475609756
,,,,,,,,,,,,,,,,,,
Chicago Blackhawks,82,2.55,357,566,51,12.2,6,2480,8.4,1544,83.9,3.4,26,43,13,2417,279,0.475609756
,,,,,,,,,,,,,,,,,,
St. Louis Blues,82,2.35,342,535,75,14.6,6,2335,8.3,1373,82.2,3.46,21,46,15,2510,284,0.43902439
,,,,,,,,,,,,,,,,,,
Buffalo Sabres,82,3.63,534,832,71,17.4,8,2417,12.3,1200,81.3,2.9,53,22,7,2542,238,0.731707317
,,,,,,,,,,,,,,,,,,
Ottawa Senators,82,3.49,508,794,72,17.9,17,2651,10.8,1173,84.5,2.63,48,25,9,2479,216,0.695121951
,,,,,,,,,,,,,,,,,,
Pittsburgh Penguins,82,3.26,468,735,94,20.3,14,2366,11.3,1249,82.1,2.93,47,24,11,2530,240,0.707317073
,,,,,,,,,,,,,,,,,,
Colorado Avalanche,82,3.26,472,739,79,21.1,7,2603,10.3,884,80.2,3.01,44,31,7,2378,247,0.62195122
,,,,,,,,,,,,,,,,,,
Nashville Predators,82,3.24,473,739,71,17.4,8,2261,11.8,1179,85.8,2.52,51,23,8,2561,207,0.719512195
,,,,,,,,,,,,,,,,,,
San Jose Sharks,82,3.12,459,715,92,22.4,7,2346,10.9,955,83.3,2.4,51,26,5,2149,197,0.682926829
,,,,,,,,,,,,,,,,,,
Calgary Flames,82,3.11,446,701,73,18.2,15,2242,11.4,1204,80.4,2.7,43,29,10,2502,221,0.646341463
,,,,,,,,,,,,,,,,,,
Toronto Maple Leafs,82,3.1,445,699,71,17.7,3,2681,9.5,1139,78.5,3.2,40,31,11,2330,262,0.62195122
,,,,,,,,,,,,,,,,,,
Anaheim Ducks,82,3.1,453,707,89,22.3,4,2582,9.8,1452,85,2.42,48,20,14,2248,198,0.756097561
,,,,,,,,,,,,,,,,,,
Detroit Red Wings,82,3.07,431,683,68,17.1,12,2771,9.1,982,84.6,2.33,50,19,13,2020,191,0.768292683
,,,,,,,,,,,,,,,,,,
Florida Panthers,82,2.99,417,662,61,18.1,5,2730,9,1181,82.4,3.04,35,31,16,2402,249,0.62195122
,,,,,,,,,,,,,,,,,,
Tampa Bay Lightning,82,2.96,422,665,69,18.4,14,2418,10.1,897,78.4,3.16,44,33,5,2234,259,0.597560976
,,,,,,,,,,,,,,,,,,
Carolina Hurricanes,82,2.94,429,670,67,15,12,2559,9.4,1021,84.6,3.02,40,34,8,2336,248,0.585365854
,,,,,,,,,,,,,,,,,,
New York Islanders,82,2.93,422,662,63,18.1,7,2459,9.8,1062,81.8,2.87,40,30,12,2672,235,0.634146341
,,,,,,,,,,,,,,,,,,
Montreal Canadiens,82,2.91,399,638,86,22.8,17,2426,9.9,1133,83.5,3.06,42,34,6,2685,251,0.585365854
,,,,,,,,,,,,,,,,,,
Winnipeg Jets,82,2.91,397,636,67,16.5,9,2438,9.8,1097,79.8,2.94,43,28,11,2582,241,0.658536585
,,,,,,,,,,,,,,,,,,
Washington Capitals,82,2.85,380,614,67,16.4,12,2295,10.2,1233,80.2,3.35,28,40,14,2734,275,0.512195122
,,,,,,,,,,,,,,,,,,
New York Rangers,82,2.84,410,643,75,18.5,11,2586,9,1109,83.8,2.57,42,30,10,2329,211,0.634146341
,,,,,,,,,,,,,,,,,,
Minnesota Wild,82,2.74,386,611,72,18.9,9,2431,9.3,862,86,2.24,48,26,8,2361,184,0.682926829
,,,,,,,,,,,,,,,,,,
Los Angeles Kings,82,2.72,406,629,81,18.3,6,2542,8.8,1239,77.9,3.38,27,41,14,2440,277,0.5
,,,,,,,,,,,,,,,,,,
Dallas Stars,82,2.65,387,604,79,18.5,3,2296,9.5,1133,84.4,2.35,50,25,7,2083,193,0.695121951
,,,,,,,,,,,,,,,,,,
Vancouver Canucks,82,2.65,392,609,70,17.2,5,2405,9,1206,86.9,2.4,49,26,7,2398,197,0.682926829
,,,,,,,,,,,,,,,,,,
Philadelphia Flyers,82,2.6,371,584,53,14.1,15,2361,9,1301,84.5,3.62,22,48,12,2673,297,0.414634146
,,,,,,,,,,,,,,,,,,
Arizona Coyotes,82,2.57,373,584,66,16.6,5,2320,9.1,1445,78.5,3.44,31,46,5,2470,282,0.43902439
,,,,,,,,,,,,,,,,,,
Boston Bruins,82,2.56,361,571,71,17.2,8,2370,8.9,1256,81.7,3.48,35,41,6,2748,285,0.5
,,,,,,,,,,,,,,,,,,
St. Louis Blues,82,2.54,369,577,46,12.1,7,2202,9.4,1223,80,3.02,34,35,13,2369,248,0.573170732
,,,,,,,,,,,,,,,,,,
New Jersey Devils,82,2.51,385,591,65,17.7,4,2354,8.8,830,85.2,2.35,49,24,9,2332,193,0.707317073
,,,,,,,,,,,,,,,,,,
Columbus Blue Jackets,82,2.39,337,533,65,14.8,6,2273,8.6,1357,81.2,2.98,33,42,7,2345,244,0.487804878
,,,,,,,,,,,,,,,,,,
Chicago Blackhawks,82,2.38,324,519,43,11.8,12,2201,8.9,1332,82.6,3.06,31,42,9,2408,251,0.487804878
,,,,,,,,,,,,,,,,,,
Edmonton Oilers,82,2.34,336,528,53,14.2,6,2193,8.8,1285,84.6,2.99,32,43,7,2439,245,0.475609756
,,,,,,,,,,,,,,,,,,
Ottawa Senators,82,3.15,441,699,60,18.3,18,2471,10.4,1175,81.2,2.95,43,31,8,2456,242,0.62195122
,,,,,,,,,,,,,,,,,,
Montreal Canadiens,82,3.13,441,698,90,24.1,8,2383,10.8,1090,82.5,2.63,47,25,10,2589,216,0.695121951
,,,,,,,,,,,,,,,,,,
Detroit Red Wings,82,3.07,443,695,81,20.8,5,2820,8.9,937,84,2.18,54,21,7,1930,179,0.743902439
,,,,,,,,,,,,,,,,,,
Buffalo Sabres,82,3.06,454,705,66,18,9,2478,10.1,1004,83.2,2.84,39,31,12,2326,233,0.62195122
,,,,,,,,,,,,,,,,,,
Carolina Hurricanes,82,3.05,446,696,79,18.8,4,2669,9.4,1183,78.9,3,43,33,6,2368,246,0.597560976
,,,,,,,,,,,,,,,,,,
Philadelphia Flyers,82,2.99,405,650,84,21.8,13,2359,10.4,1471,83.2,2.77,42,29,11,2609,227,0.646341463
,,,,,,,,,,,,,,,,,,
Pittsburgh Penguins,82,2.93,427,667,77,20.4,6,2269,10.6,1179,81,2.59,47,27,8,2523,212,0.670731707
,,,,,,,,,,,,,,,,,,
Washington Capitals,82,2.9,401,639,65,18.8,5,2538,9.4,975,80.5,2.77,43,31,8,2259,227,0.62195122
,,,,,,,,,,,,,,,,,,
Dallas Stars,82,2.89,410,647,64,18,13,2187,10.8,1176,85.6,2.49,45,30,7,2137,204,0.634146341
,,,,,,,,,,,,,,,,,,
Chicago Blackhawks,82,2.85,395,629,58,15.9,17,2298,10.2,1383,82.1,2.82,40,34,8,2346,231,0.585365854
,,,,,,,,,,,,,,,,,,
Toronto Maple Leafs,82,2.78,399,627,61,17.8,4,2542,9,1087,78.2,3.12,36,35,11,2403,256,0.573170732
,,,,,,,,,,,,,,,,,,
Nashville Predators,82,2.77,407,634,53,14.8,7,2425,9.4,1027,85.4,2.73,41,32,9,2440,224,0.609756098
,,,,,,,,,,,,,,,,,,
Calgary Flames,82,2.76,379,605,59,16.8,9,2316,9.8,1342,81.4,2.73,42,30,10,2335,224,0.634146341
,,,,,,,,,,,,,,,,,,
Los Angeles Kings,82,2.76,381,607,64,17.5,11,2349,9.6,954,78,3.21,32,43,7,2625,263,0.475609756
,,,,,,,,,,,,,,,,,,
Colorado Avalanche,82,2.73,406,630,49,14.6,2,2349,9.5,995,81.4,2.63,44,31,7,2237,216,0.62195122
,,,,,,,,,,,,,,,,,,
Tampa Bay Lightning,82,2.7,380,601,57,19.3,7,2354,9.4,1038,82.1,3.24,31,42,9,2312,266,0.487804878
,,,,,,,,,,,,,,,,,,
Edmonton Oilers,82,2.68,380,600,57,16.6,7,2156,10.2,1175,84.7,3.01,41,35,6,2573,247,0.573170732
,,,,,,,,,,,,,,,,,,
Minnesota Wild,82,2.68,390,610,64,18.9,3,2218,9.9,1098,85.2,2.56,44,28,10,2469,210,0.658536585
,,,,,,,,,,,,,,,,,,
San Jose Sharks,82,2.63,376,592,70,18.7,7,2428,8.9,1075,86,2.28,49,23,10,1981,187,0.719512195
,,,,,,,,,,,,,,,,,,
Florida Panthers,82,2.57,353,564,60,19.2,4,2549,8.3,1026,82.4,2.68,38,35,9,2753,220,0.573170732
,,,,,,,,,,,,,,,,,,
Arizona Coyotes,82,2.55,361,570,63,18.5,11,2500,8.4,1193,80.8,2.74,38,37,7,2518,225,0.548780488
,,,,,,,,,,,,,,,,,,
Vancouver Canucks,82,2.52,351,558,63,17,8,2252,9.2,1474,82.6,2.51,39,33,10,2367,206,0.597560976
,,,,,,,,,,,,,,,,,,
Winnipeg Jets,82,2.52,336,543,52,16.4,13,2115,9.8,1077,78.8,3.24,34,40,8,2782,266,0.512195122
,,,,,,,,,,,,,,,,,,
Boston Bruins,82,2.51,353,559,56,17.6,9,2339,8.8,1069,78.6,2.62,41,29,12,2498,215,0.646341463
,,,,,,,,,,,,,,,,,,
New York Rangers,82,2.5,370,575,61,16.5,4,2579,7.9,1154,84.5,2.32,42,27,13,2124,190,0.670731707
,,,,,,,,,,,,,,,,,,
St. Louis Blues,82,2.46,358,560,47,14,3,2141,9.4,1153,84.4,2.83,33,36,13,2249,232,0.56097561
,,,,,,,,,,,,,,,,,,
New Jersey Devils,82,2.41,346,544,50,15.6,6,2362,8.4,974,82.8,2.35,46,29,7,2257,193,0.646341463
,,,,,,,,,,,,,,,,,,
Anaheim Ducks,82,2.4,342,539,60,16.6,8,2241,8.8,1481,83.1,2.24,47,27,8,2300,184,0.670731707
,,,,,,,,,,,,,,,,,,
Columbus Blue Jackets,82,2.32,317,507,53,14.8,8,2381,8,1325,83.3,2.56,34,36,12,2249,210,0.56097561
,,,,,,,,,,,,,,,,,,
New York Islanders,82,2.3,313,502,48,14.5,10,2435,7.8,1041,81.9,2.93,35,38,9,2488,240,0.536585366
,,,,,,,,,,,,,,,,,,
Detroit Red Wings,82,3.52,511,800,90,25.5,6,2965,9.7,824,78.3,2.93,51,21,10,2274,240,0.743902439
,,,,,,,,,,,,,,,,,,
Boston Bruins,82,3.29,465,735,74,23.6,8,2482,10.9,1028,82.4,2.32,53,19,10,2525,190,0.768292683
,,,,,,,,,,,,,,,,,,
Washington Capitals,82,3.27,449,717,85,25.2,7,2748,9.8,1041,80.6,2.93,50,24,8,2418,240,0.707317073
,,,,,,,,,,,,,,,,,,
Chicago Blackhawks,82,3.17,461,721,70,19.3,10,2683,9.7,1157,80.6,2.55,46,24,12,2344,209,0.707317073
,,,,,,,,,,,,,,,,,,
Philadelphia Flyers,82,3.17,416,676,71,22.5,16,2441,10.7,1434,83,2.83,44,27,11,2668,232,0.670731707
,,,,,,,,,,,,,,,,,,
Pittsburgh Penguins,82,3.15,448,706,62,17.2,7,2381,10.8,1114,82.7,2.84,45,28,9,2484,233,0.658536585
,,,,,,,,,,,,,,,,,,
Calgary Flames,82,3.06,442,693,61,17,6,2643,9.5,1299,83.4,3,46,30,6,2441,246,0.634146341
,,,,,,,,,,,,,,,,,,
San Jose Sharks,82,3.06,457,708,87,24.2,12,2720,9.2,1053,83.2,2.43,53,18,11,2228,199,0.780487805
,,,,,,,,,,,,,,,,,,
Winnipeg Jets,82,3.05,419,669,69,19.3,13,2306,10.8,1256,76,3.4,35,41,6,2683,279,0.5
,,,,,,,,,,,,,,,,,,
Toronto Maple Leafs,82,2.98,430,674,62,18.8,6,2603,9.4,1125,74.7,3.49,34,35,13,2481,286,0.573170732
,,,,,,,,,,,,,,,,,,
Vancouver Canucks,82,2.96,426,669,67,18.8,7,2335,10.4,1351,81.4,2.6,45,27,10,2392,213,0.670731707
,,,,,,,,,,,,,,,,,,
Buffalo Sabres,82,2.95,416,658,75,21,7,2505,9.7,1121,81.8,2.79,41,32,9,2575,229,0.609756098
,,,,,,,,,,,,,,,,,,
Montreal Canadiens,82,2.95,400,642,72,19.3,10,2461,9.8,1229,82.4,2.93,41,30,11,2600,240,0.634146341
,,,,,,,,,,,,,,,,,,
New Jersey Devils,82,2.9,426,664,58,18.9,12,2698,8.8,1058,79.9,2.52,51,27,4,2415,207,0.670731707
,,,,,,,,,,,,,,,,,,
Anaheim Ducks,82,2.9,426,664,73,23.6,6,2481,9.6,1426,79.7,2.87,42,33,7,2499,235,0.597560976
,,,,,,,,,,,,,,,,,,
Carolina Hurricanes,82,2.88,409,645,70,18.7,8,2675,8.8,802,80.4,2.7,45,30,7,2419,221,0.634146341
,,,,,,,,,,,,,,,,,,
Florida Panthers,82,2.82,396,627,51,16.6,7,2412,9.6,900,82.6,2.72,41,30,11,2843,223,0.634146341
,,,,,,,,,,,,,,,,,,
Edmonton Oilers,82,2.78,407,635,60,16.9,3,2303,9.9,1247,77.5,2.98,38,35,9,2668,244,0.573170732
,,,,,,,,,,,,,,,,,,
St. Louis Blues,82,2.77,384,611,72,20.5,10,2271,10,1248,83.8,2.77,41,31,10,2341,227,0.62195122
,,,,,,,,,,,,,,,,,,
Dallas Stars,82,2.73,399,623,54,15.4,2,2370,9.5,1144,78.6,3.06,36,35,11,2304,251,0.573170732
,,,,,,,,,,,,,,,,,,
Columbus Blue Jackets,82,2.68,372,592,41,12.7,8,2370,9.3,1227,82.1,2.72,41,31,10,2281,223,0.62195122
,,,,,,,,,,,,,,,,,,
Minnesota Wild,82,2.61,370,584,66,20.1,9,2257,9.5,889,87.6,2.4,40,33,9,2518,197,0.597560976
,,,,,,,,,,,,,,,,,,
Ottawa Senators,82,2.6,359,572,66,19.5,8,2405,8.9,1098,81.5,2.82,36,35,11,2337,231,0.573170732
,,,,,,,,,,,,,,,,,,
Tampa Bay Lightning,82,2.52,367,574,61,17.8,4,2338,8.9,1306,78,3.28,24,40,18,2701,269,0.512195122
,,,,,,,,,,,,,,,,,,
Nashville Predators,82,2.52,367,574,50,15.7,9,2375,8.7,994,82.5,2.78,40,34,8,2411,228,0.585365854
,,,,,,,,,,,,,,,,,,
Arizona Coyotes,82,2.5,352,557,50,14.7,5,2302,8.9,1092,76.8,3.04,36,39,7,2591,249,0.524390244
,,,,,,,,,,,,,,,,,,
Los Angeles Kings,82,2.46,336,538,69,19.2,4,2383,8.5,1207,82.8,2.76,34,37,11,2301,226,0.548780488
,,,,,,,,,,,,,,,,,,
New York Rangers,82,2.44,354,554,48,13.9,9,2658,7.5,1199,87.8,2.59,43,30,9,2433,212,0.634146341
,,,,,,,,,,,,,,,,,,
New York Islanders,82,2.41,344,542,54,16.9,12,2372,8.3,1216,79.8,3.34,26,47,9,2751,274,0.426829268
,,,,,,,,,,,,,,,,,,
Colorado Avalanche,82,2.32,329,519,50,15.7,4,2359,8.1,1062,79.9,3.09,32,45,5,2376,253,0.451219512
,,,,,,,,,,,,,,,,,,
Washington Capitals,82,3.82,523,836,79,25.2,4,2693,11.6,940,78.8,2.77,54,15,13,2535,227,0.817073171
,,,,,,,,,,,,,,,,,,
Vancouver Canucks,82,3.27,466,734,68,20.9,9,2534,10.6,1269,81.6,2.66,49,28,5,2419,218,0.658536585
,,,,,,,,,,,,,,,,,,
Chicago Blackhawks,82,3.2,464,726,52,17.7,13,2798,9.4,924,85,2.48,52,22,8,2058,203,0.731707317
,,,,,,,,,,,,,,,,,,
San Jose Sharks,82,3.13,443,700,65,21,8,2602,9.9,1155,85,2.55,51,20,11,2571,209,0.756097561
,,,,,,,,,,,,,,,,,,
Pittsburgh Penguins,82,3.04,433,682,56,17.2,7,2688,9.3,1195,84.1,2.87,47,28,7,2350,235,0.658536585
,,,,,,,,,,,,,,,,,,
Colorado Avalanche,82,2.89,420,657,56,18.1,8,2287,10.4,1027,80.2,2.78,43,30,9,2629,228,0.634146341
,,,,,,,,,,,,,,,,,,
Anaheim Ducks,82,2.84,387,620,63,21,8,2472,9.4,1321,79.3,2.96,39,32,11,2737,243,0.609756098
,,,,,,,,,,,,,,,,,,
Philadelphia Flyers,82,2.83,394,626,68,21.5,6,2589,9,1362,83,2.71,41,35,6,2346,222,0.573170732
,,,,,,,,,,,,,,,,,,
Buffalo Sabres,82,2.82,414,645,55,17.6,4,2588,8.9,918,86.6,2.45,45,27,10,2573,201,0.670731707
,,,,,,,,,,,,,,,,,,
Los Angeles Kings,82,2.82,408,639,64,20.8,4,2389,9.7,979,80.3,2.57,46,27,9,2260,211,0.670731707
,,,,,,,,,,,,,,,,,,
Dallas Stars,82,2.8,396,626,61,18.6,9,2524,9.1,963,77.4,2.98,37,31,14,2559,244,0.62195122
,,,,,,,,,,,,,,,,,,
Winnipeg Jets,82,2.8,411,641,51,16.1,9,2409,9.5,1053,82.2,3.05,35,34,13,2716,250,0.585365854
,,,,,,,,,,,,,,,,,,
Carolina Hurricanes,82,2.76,388,614,56,16.9,7,2402,9.4,966,80.6,3.06,35,37,10,2574,251,0.548780488
,,,,,,,,,,,,,,,,,,
Detroit Red Wings,82,2.72,386,609,59,19.2,8,2737,8.1,723,83.9,2.52,44,24,14,2413,207,0.707317073
,,,,,,,,,,,,,,,,,,
Ottawa Senators,82,2.68,379,599,49,16.9,6,2436,9,1141,84.3,2.84,44,32,6,2340,233,0.609756098
,,,,,,,,,,,,,,,,,,
New York Rangers,82,2.67,370,589,55,18.3,5,2425,9,1159,84.3,2.61,38,33,11,2450,214,0.597560976
,,,,,,,,,,,,,,,,,,
St. Louis Blues,82,2.66,376,594,53,17.2,7,2445,8.9,1318,86.8,2.66,40,32,10,2473,218,0.609756098
,,,,,,,,,,,,,,,,,,
Nashville Predators,82,2.65,366,583,47,16.4,5,2508,8.7,710,77.1,2.7,47,29,6,2396,221,0.646341463
,,,,,,,,,,,,,,,,,,
New Jersey Devils,82,2.63,378,594,51,18.7,7,2459,8.8,859,82.8,2.27,48,27,7,2213,186,0.670731707
,,,,,,,,,,,,,,,,,,
New York Islanders,82,2.61,367,581,49,16,7,2493,8.6,950,76.3,3.15,34,37,11,2619,258,0.548780488
,,,,,,,,,,,,,,,,,,
Columbus Blue Jackets,82,2.61,383,597,56,18.2,6,2338,9.2,1086,81.7,3.04,32,35,15,2514,249,0.573170732
,,,,,,,,,,,,,,,,,,
Minnesota Wild,82,2.61,368,582,59,19.1,4,2266,9.4,924,82.7,2.92,38,36,8,2415,239,0.56097561
,,,,,,,,,,,,,,,,,,
Tampa Bay Lightning,82,2.6,373,586,63,19.3,2,2367,9,1377,80.1,3.09,34,36,12,2575,253,0.56097561
,,,,,,,,,,,,,,,,,,
Arizona Coyotes,82,2.57,365,576,46,14.7,3,2502,8.4,925,84.5,2.39,50,25,7,2427,196,0.695121951
,,,,,,,,,,,,,,,,,,
Montreal Canadiens,82,2.56,356,566,57,21.8,4,2346,9,936,83,2.66,39,33,10,2634,218,0.597560976
,,,,,,,,,,,,,,,,,,
Toronto Maple Leafs,82,2.56,368,578,44,14,4,2671,7.9,1091,74.7,3.21,30,38,14,2440,263,0.536585366
,,,,,,,,,,,,,,,,,,
Edmonton Oilers,82,2.51,354,560,52,17.3,6,2321,8.9,1133,78,3.39,27,47,8,2716,278,0.426829268
,,,,,,,,,,,,,,,,,,
Florida Panthers,82,2.46,351,553,44,14.2,7,2331,8.7,977,79.4,2.85,32,37,13,2800,234,0.548780488
,,,,,,,,,,,,,,,,,,
Calgary Flames,82,2.45,342,543,43,16,8,2350,8.6,1143,82.3,2.48,40,32,10,2372,203,0.609756098
,,,,,,,,,,,,,,,,,,
Boston Bruins,82,2.39,348,544,44,16.6,6,2599,7.5,953,86.4,2.33,39,30,13,2445,191,0.634146341
,,,,,,,,,,,,,,,,,,
Vancouver Canucks,82,3.15,450,708,72,24.4,6,2624,9.8,943,85.6,2.2,54,19,9,2470,180,0.768292683
,,,,,,,,,,,,,,,,,,
Detroit Red Wings,82,3.13,456,713,67,22.3,5,2757,9.3,754,82.3,2.89,47,25,10,2514,237,0.695121951
,,,,,,,,,,,,,,,,,,
Philadelphia Flyers,82,3.12,427,683,49,16.6,13,2605,9.8,1119,82.7,2.63,47,23,12,2471,216,0.719512195
,,,,,,,,,,,,,,,,,,
Chicago Blackhawks,82,3.07,437,689,64,23.1,6,2637,9.6,742,79.2,2.68,44,29,9,2354,220,0.646341463
,,,,,,,,,,,,,,,,,,
Boston Bruins,82,2.98,413,657,43,16.2,11,2696,9.1,1115,82.6,2.31,46,25,11,2682,189,0.695121951
,,,,,,,,,,,,,,,,,,
San Jose Sharks,82,2.96,426,669,68,23.5,6,2832,8.6,931,79.4,2.54,48,25,9,2369,208,0.695121951
,,,,,,,,,,,,,,,,,,
Calgary Flames,82,2.94,421,662,62,19.4,7,2501,9.6,836,81.2,2.81,41,29,12,2338,230,0.646341463
,,,,,,,,,,,,,,,,,,
Tampa Bay Lightning,82,2.94,421,662,69,20.5,1,2605,9.3,905,83.8,2.85,46,25,11,2354,234,0.695121951
,,,,,,,,,,,,,,,,,,
Buffalo Sabres,82,2.93,413,653,54,19.4,2,2690,8.9,958,83,2.78,43,29,10,2514,228,0.646341463
,,,,,,,,,,,,,,,,,,
St. Louis Blues,82,2.88,393,629,52,18.6,7,2475,9.5,1225,81.7,2.78,38,33,11,2274,228,0.597560976
,,,,,,,,,,,,,,,,,,
Anaheim Ducks,82,2.87,417,652,67,23.5,7,2334,10.1,1178,81.3,2.84,47,30,5,2648,233,0.634146341
,,,,,,,,,,,,,,,,,,
Carolina Hurricanes,82,2.82,388,619,55,15.9,7,2517,9.2,835,81.3,2.85,40,31,11,2725,234,0.62195122
,,,,,,,,,,,,,,,,,,
Pittsburgh Penguins,82,2.78,390,618,49,15.8,13,2582,8.8,1388,86.1,2.39,49,25,8,2352,196,0.695121951
,,,,,,,,,,,,,,,,,,
Arizona Coyotes,82,2.76,383,609,46,15.9,5,2486,9.1,863,78.4,2.68,43,26,13,2673,220,0.682926829
,,,,,,,,,,,,,,,,,,
New York Islanders,82,2.74,376,601,52,17.2,15,2408,9.3,1515,83.2,3.15,30,39,13,2620,258,0.524390244
,,,,,,,,,,,,,,,,,,
New York Rangers,82,2.73,384,608,49,16.9,11,2453,9.1,1074,83.7,2.38,44,33,5,2410,195,0.597560976
,,,,,,,,,,,,,,,,,,
Dallas Stars,82,2.71,375,597,55,18,10,2269,9.8,1066,80.1,2.76,42,29,11,2504,226,0.646341463
,,,,,,,,,,,,,,,,,,
Colorado Avalanche,82,2.7,376,597,49,18.5,8,2394,9.2,1077,76.1,3.5,30,44,8,2609,287,0.463414634
,,,,,,,,,,,,,,,,,,
Washington Capitals,82,2.67,370,589,46,17.5,7,2566,8.5,926,85.6,2.33,48,23,11,2375,191,0.719512195
,,,,,,,,,,,,,,,,,,
Winnipeg Jets,82,2.66,358,576,53,18.3,6,2581,8.4,930,77.5,3.2,34,36,12,2638,262,0.56097561
,,,,,,,,,,,,,,,,,,
Montreal Canadiens,82,2.6,365,578,57,19.7,5,2602,8.2,1097,84.4,2.51,44,30,8,2538,206,0.634146341
,,,,,,,,,,,,,,,,,,
Toronto Maple Leafs,82,2.6,359,572,52,16,5,2360,9,985,77.5,2.99,37,34,11,2540,245,0.585365854
,,,,,,,,,,,,,,,,,,
Nashville Predators,82,2.6,370,583,41,15.2,5,2362,9,720,85,2.32,44,27,11,2510,190,0.670731707
,,,,,,,,,,,,,,,,,,
Columbus Blue Jackets,82,2.56,375,585,42,14,6,2506,8.4,1113,80.3,3.05,34,35,13,2447,250,0.573170732
,,,,,,,,,,,,,,,,,,
Los Angeles Kings,82,2.55,370,579,47,16.2,4,2363,8.8,962,85.5,2.39,46,30,6,2288,196,0.634146341
,,,,,,,,,,,,,,,,,,
Minnesota Wild,82,2.48,357,560,53,18.2,7,2148,9.5,983,82.8,2.78,39,35,8,2625,228,0.573170732
,,,,,,,,,,,,,,,,,,
Edmonton Oilers,82,2.33,337,528,44,14.5,8,2188,8.7,1270,76.9,3.17,25,45,12,2597,260,0.451219512
,,,,,,,,,,,,,,,,,,
Florida Panthers,82,2.33,336,527,35,13.1,4,2493,7.7,716,84.6,2.71,30,40,12,2609,222,0.512195122
,,,,,,,,,,,,,,,,,,
Ottawa Senators,82,2.32,312,502,45,17.5,6,2381,8,1149,83.7,2.99,32,40,10,2559,245,0.512195122
,,,,,,,,,,,,,,,,,,
New Jersey Devils,82,2.09,288,459,34,14.4,3,2344,7.3,765,83.4,2.52,38,39,5,2152,207,0.524390244
,,,,,,,,,,,,,,,,,,
Pittsburgh Penguins,82,3.33,473,746,57,19.7,11,2779,9.8,880,87.7,2.66,51,25,6,2247,218,0.695121951
,,,,,,,,,,,,,,,,,,
Boston Bruins,82,3.17,426,686,43,17.1,8,2653,9.8,1103,83.5,2.43,49,29,4,2441,199,0.646341463
,,,,,,,,,,,,,,,,,,
Philadelphia Flyers,82,3.17,450,710,66,19.7,6,2641,9.8,1318,81.8,2.74,47,26,9,2329,225,0.682926829
,,,,,,,,,,,,,,,,,,
Ottawa Senators,82,2.96,416,659,49,18.1,9,2574,9.4,1145,81.6,2.88,41,31,10,2627,236,0.62195122
,,,,,,,,,,,,,,,,,,
Chicago Blackhawks,82,2.94,420,661,42,15.2,7,2583,9.3,848,78.1,2.82,45,26,11,2343,231,0.682926829
,,,,,,,,,,,,,,,,,,
Vancouver Canucks,82,2.94,426,667,57,19.8,7,2583,9.3,1049,86,2.33,51,22,9,2526,191,0.731707317
,,,,,,,,,,,,,,,,,,
Detroit Red Wings,82,2.91,424,663,48,16.1,2,2638,9.1,699,81.8,2.44,48,28,6,2212,200,0.658536585
,,,,,,,,,,,,,,,,,,
Tampa Bay Lightning,82,2.83,392,624,41,15.2,2,2227,10.4,865,79.3,3.39,38,36,8,2501,278,0.56097561
,,,,,,,,,,,,,,,,,,
Nashville Predators,82,2.83,407,639,54,21.6,5,2261,10.3,689,83.6,2.5,48,26,8,2523,205,0.682926829
,,,,,,,,,,,,,,,,,,
Toronto Maple Leafs,82,2.77,393,620,49,18.4,5,2322,9.8,824,77.3,3.16,35,37,10,2528,259,0.548780488
,,,,,,,,,,,,,,,,,,
New York Rangers,82,2.71,387,609,44,15.7,8,2338,9.5,1059,86.2,2.22,51,24,7,2281,182,0.707317073
,,,,,,,,,,,,,,,,,,
Winnipeg Jets,82,2.7,382,603,45,18,3,2471,8.9,905,80.1,2.95,37,35,10,2470,242,0.573170732
,,,,,,,,,,,,,,,,,,
San Jose Sharks,82,2.67,391,610,57,21.1,3,2773,7.9,785,76.9,2.5,43,29,10,2342,205,0.646341463
,,,,,,,,,,,,,,,,,,
Washington Capitals,82,2.66,364,582,41,16.7,3,2295,9.5,767,81.6,2.76,42,32,8,2475,226,0.609756098
,,,,,,,,,,,,,,,,,,
New Jersey Devils,82,2.63,373,589,46,17.2,15,2253,9.6,944,89.6,2.5,48,28,6,2199,205,0.658536585
,,,,,,,,,,,,,,,,,,
Carolina Hurricanes,82,2.59,334,546,49,16.7,12,2497,8.5,763,80.5,2.89,33,33,16,2653,237,0.597560976
,,,,,,,,,,,,,,,,,,
Buffalo Sabres,82,2.57,363,574,44,17.1,5,2397,8.8,904,81.7,2.72,39,32,11,2571,223,0.609756098
,,,,,,,,,,,,,,,,,,
Arizona Coyotes,82,2.56,370,580,34,13.5,6,2429,8.6,757,85.5,2.37,42,27,13,2593,194,0.670731707
,,,,,,,,,,,,,,,,,,
Edmonton Oilers,82,2.52,358,565,54,20.6,5,2186,9.5,942,82.4,2.83,32,40,10,2518,232,0.512195122
,,,,,,,,,,,,,,,,,,
Montreal Canadiens,82,2.52,346,553,43,14.3,10,2340,8.8,954,88.6,2.61,31,35,16,2432,214,0.573170732
,,,,,,,,,,,,,,,,,,
St. Louis Blues,82,2.51,348,554,45,16.7,7,2512,8.2,1062,85.8,1.89,49,22,11,2190,155,0.731707317
,,,,,,,,,,,,,,,,,,
Dallas Stars,82,2.49,367,571,33,13.5,5,2315,8.8,1032,82.8,2.66,42,35,5,2527,218,0.573170732
,,,,,,,,,,,,,,,,,,
Anaheim Ducks,82,2.45,344,545,45,16.6,4,2291,8.8,980,82,2.73,34,36,12,2367,224,0.56097561
,,,,,,,,,,,,,,,,,,
Calgary Flames,82,2.43,331,530,46,17.7,3,2258,8.8,885,84.3,2.65,37,29,16,2528,217,0.646341463
,,,,,,,,,,,,,,,,,,
Colorado Avalanche,82,2.43,342,541,41,18.4,5,2583,7.7,902,83,2.66,41,35,6,2426,218,0.573170732
,,,,,,,,,,,,,,,,,,
Columbus Blue Jackets,82,2.41,339,537,49,15.5,7,2454,8.1,1037,76.6,3.13,29,46,7,2537,257,0.43902439
,,,,,,,,,,,,,,,,,,
Florida Panthers,82,2.4,339,536,53,18.6,4,2433,8.1,792,79.5,2.63,38,26,18,2505,216,0.682926829
,,,,,,,,,,,,,,,,,,
New York Islanders,82,2.39,348,544,45,18.5,4,2410,8.1,763,80.5,3.06,34,37,11,2469,251,0.548780488
,,,,,,,,,,,,,,,,,,
Los Angeles Kings,82,2.29,328,516,49,16.9,9,2509,7.5,923,87,2.07,40,27,15,2248,170,0.670731707
,,,,,,,,,,,,,,,,,,
Minnesota Wild,82,2.02,283,449,39,15.1,5,2174,7.6,994,82.1,2.65,35,36,11,2571,217,0.56097561
,,,,,,,,,,,,,,,,,,
Pittsburgh Penguins,48,3.38,283,445,42,24.7,2,1438,11.3,563,79.6,2.48,36,12,0,1403,119,0.43902439
,,,,,,,,,,,,,,,,,,
Chicago Blackhawks,48,3.1,248,397,25,16.6,5,1494,10,444,87.2,2.02,36,7,5,1258,97,0.5
,,,,,,,,,,,,,,,,,,
Tampa Bay Lightning,48,3.06,269,416,31,19,0,1323,11.1,577,80.6,3.06,18,26,4,1451,147,0.268292683
,,,,,,,,,,,,,,,,,,
Montreal Canadiens,48,3.04,260,406,42,20.7,0,1468,9.9,636,79.8,2.58,29,14,5,1293,124,0.414634146
,,,,,,,,,,,,,,,,,,
Washington Capitals,48,3.04,258,404,44,26.8,3,1350,10.8,516,77.9,2.71,27,18,3,1551,130,0.365853659
,,,,,,,,,,,,,,,,,,
Toronto Maple Leafs,48,3.02,249,394,31,18.7,1,1264,11.5,776,87.9,2.67,26,17,5,1549,128,0.37804878
,,,,,,,,,,,,,,,,,,
New York Islanders,48,2.81,234,369,31,19.9,2,1485,9.1,471,80.3,2.83,24,17,7,1352,136,0.37804878
,,,,,,,,,,,,,,,,,,
Anaheim Ducks,48,2.79,237,371,29,21.5,5,1347,9.9,535,81.5,2.4,30,12,6,1340,115,0.43902439
,,,,,,,,,,,,,,,,,,
Philadelphia Flyers,48,2.75,223,355,37,21.6,2,1394,9.5,755,85.9,2.9,23,22,3,1371,139,0.317073171
,,,,,,,,,,,,,,,,,,
Los Angeles Kings,48,2.73,228,359,33,19.9,2,1431,9.2,481,83.2,2.38,27,16,5,1198,114,0.390243902
,,,,,,,,,,,,,,,,,,
Calgary Flames,48,2.67,225,353,31,20,6,1293,9.9,518,81.5,3.27,19,25,4,1412,157,0.280487805
,,,,,,,,,,,,,,,,,,
Dallas Stars,48,2.67,226,354,29,17,2,1261,10.2,623,81,2.94,22,22,4,1489,141,0.317073171
,,,,,,,,,,,,,,,,,,
Boston Bruins,48,2.65,219,346,18,14.8,5,1557,8.2,584,87.1,2.21,28,14,6,1373,106,0.414634146
,,,,,,,,,,,,,,,,,,
Carolina Hurricanes,48,2.65,214,341,24,14.5,3,1545,8.2,538,77.6,3.31,19,25,4,1546,159,0.280487805
,,,,,,,,,,,,,,,,,,
New York Rangers,48,2.63,205,331,24,15.7,5,1483,8.5,444,81.1,2.25,26,18,4,1353,108,0.365853659
,,,,,,,,,,,,,,,,,,
Winnipeg Jets,48,2.63,215,341,20,13.8,1,1389,9.1,535,79.7,2.94,24,21,3,1424,141,0.329268293
,,,,,,,,,,,,,,,,,,
St. Louis Blues,48,2.58,221,345,29,19.5,3,1336,9.3,541,84.7,2.38,29,17,2,1161,114,0.37804878
,,,,,,,,,,,,,,,,,,
Edmonton Oilers,48,2.56,220,343,34,20.1,4,1285,9.6,522,83.4,2.73,19,22,7,1572,131,0.317073171
,,,,,,,,,,,,,,,,,,
Detroit Red Wings,48,2.54,213,335,34,18.4,3,1447,8.4,469,81.7,2.29,24,16,8,1322,110,0.390243902
,,,,,,,,,,,,,,,,,,
Vancouver Canucks,48,2.54,204,326,26,15.8,2,1350,9,609,84,2.4,26,15,7,1389,115,0.402439024
,,,,,,,,,,,,,,,,,,
Arizona Coyotes,48,2.52,211,332,25,14.8,2,1482,8.2,504,79.9,2.6,21,18,9,1467,125,0.365853659
,,,,,,,,,,,,,,,,,,
Buffalo Sabres,48,2.46,203,321,23,14.1,7,1339,8.8,630,79.2,2.9,21,21,6,1606,139,0.329268293
,,,,,,,,,,,,,,,,,,
Minnesota Wild,48,2.46,208,326,27,17.9,1,1382,8.5,545,80.7,2.6,26,19,3,1299,125,0.353658537
,,,,,,,,,,,,,,,,,,
San Jose Sharks,48,2.42,195,311,34,20.1,3,1526,7.6,521,85,2.33,25,16,7,1390,112,0.390243902
,,,,,,,,,,,,,,,,,,
Columbus Blue Jackets,48,2.4,201,316,22,14.2,3,1283,9,605,82.6,2.4,24,17,7,1436,115,0.37804878
,,,,,,,,,,,,,,,,,,
Colorado Avalanche,48,2.38,197,311,21,15,3,1415,8.1,598,80.3,3.13,16,25,7,1508,150,0.280487805
,,,,,,,,,,,,,,,,,,
Ottawa Senators,48,2.33,198,310,25,15.9,2,1591,7,655,88,2.08,25,17,6,1502,100,0.37804878
,,,,,,,,,,,,,,,,,,
New Jersey Devils,48,2.29,176,286,28,15.9,11,1362,8.1,519,81.1,2.54,19,19,10,1110,122,0.353658537
,,,,,,,,,,,,,,,,,,
Florida Panthers,48,2.27,172,281,29,20.4,4,1400,7.8,541,74.2,3.54,15,27,6,1504,170,0.256097561
,,,,,,,,,,,,,,,,,,
Nashville Predators,48,2.27,191,300,24,17.1,1,1244,8.8,471,75.7,2.77,16,23,9,1335,133,0.304878049
,,,,,,,,,,,,,,,,,,
Anaheim Ducks,82,3.21,449,712,44,16,10,2569,10.2,894,82.2,2.48,54,20,8,2353,203,0.756097561
,,,,,,,,,,,,,,,,,,
Chicago Blackhawks,82,3.18,453,714,50,19.5,9,2715,9.6,699,81.5,2.59,46,21,15,2229,212,0.743902439
,,,,,,,,,,,,,,,,,,
Boston Bruins,82,3.15,442,700,50,21.7,9,2613,9.9,886,83.7,2.09,54,19,9,2385,171,0.768292683
,,,,,,,,,,,,,,,,,,
Colorado Avalanche,82,2.99,435,680,50,19.8,3,2420,10.1,891,80.7,2.63,52,22,8,2678,216,0.731707317
,,,,,,,,,,,,,,,,,,
Pittsburgh Penguins,82,2.95,424,666,65,23.4,4,2454,9.9,832,85,2.49,51,24,7,2359,204,0.707317073
,,,,,,,,,,,,,,,,,,
San Jose Sharks,82,2.91,425,664,50,17.2,8,2851,8.4,737,84.9,2.35,51,22,9,2281,193,0.731707317
,,,,,,,,,,,,,,,,,,
St. Louis Blues,82,2.91,420,659,56,19.8,6,2402,10,1162,85.7,2.29,52,23,7,2163,188,0.719512195
,,,,,,,,,,,,,,,,,,
Philadelphia Flyers,82,2.84,402,635,58,19.8,8,2490,9.4,1180,84.8,2.77,42,30,10,2508,227,0.634146341
,,,,,,,,,,,,,,,,,,
Tampa Bay Lightning,82,2.83,406,638,50,18.5,10,2446,9.5,844,80.7,2.55,46,27,9,2405,209,0.670731707
,,,,,,,,,,,,,,,,,,
Dallas Stars,82,2.82,395,626,46,15.9,8,2597,8.9,900,81.4,2.71,40,31,11,2492,222,0.62195122
,,,,,,,,,,,,,,,,,,
Ottawa Senators,82,2.79,382,611,50,18.5,5,2692,8.5,1094,80.9,3.15,37,31,14,2849,258,0.62195122
,,,,,,,,,,,,,,,,,,
Columbus Blue Jackets,82,2.76,382,608,54,19.3,9,2431,9.3,910,82.1,2.61,43,32,7,2524,214,0.609756098
,,,,,,,,,,,,,,,,,,
Washington Capitals,82,2.74,401,626,68,23.4,5,2412,9.3,960,82,2.79,38,30,14,2750,229,0.634146341
,,,,,,,,,,,,,,,,,,
Toronto Maple Leafs,82,2.71,358,580,50,19.8,7,2290,9.7,1040,78.3,3.07,38,36,8,2945,252,0.56097561
,,,,,,,,,,,,,,,,,,
Winnipeg Jets,82,2.67,375,594,40,15.4,5,2516,8.7,973,83.2,2.82,37,35,10,2472,231,0.573170732
,,,,,,,,,,,,,,,,,,
Detroit Red Wings,82,2.65,362,579,50,17.7,3,2464,8.8,725,83.1,2.7,39,28,15,2401,221,0.658536585
,,,,,,,,,,,,,,,,,,
New York Islanders,82,2.63,370,586,49,17.8,8,2537,8.5,1015,78.1,3.18,34,37,11,2464,261,0.548780488
,,,,,,,,,,,,,,,,,,
New York Rangers,82,2.61,364,578,48,18.2,10,2719,7.9,817,85.3,2.32,45,31,6,2412,190,0.62195122
,,,,,,,,,,,,,,,,,,
Nashville Predators,82,2.61,373,587,46,19.2,2,2382,9,808,80.3,2.84,38,32,12,2370,233,0.609756098
,,,,,,,,,,,,,,,,,,
Arizona Coyotes,82,2.56,376,586,56,19.9,3,2499,8.4,810,79,2.73,37,30,15,2541,224,0.634146341
,,,,,,,,,,,,,,,,,,
Montreal Canadiens,82,2.55,349,558,48,17.2,6,2330,9,1063,85.1,2.45,46,28,8,2541,201,0.658536585
,,,,,,,,,,,,,,,,,,
Carolina Hurricanes,82,2.5,331,536,41,14.6,11,2561,8,650,81.7,2.76,36,35,11,2537,226,0.573170732
,,,,,,,,,,,,,,,,,,
Calgary Flames,82,2.46,355,557,39,15.7,12,2199,9.2,858,81.7,2.9,35,40,7,2345,238,0.512195122
,,,,,,,,,,,,,,,,,,
Edmonton Oilers,82,2.43,348,547,46,17,4,2208,9,966,82.1,3.26,29,44,9,2696,267,0.463414634
,,,,,,,,,,,,,,,,,,
Minnesota Wild,82,2.43,360,559,45,17.9,4,2180,9.1,783,78.8,2.42,43,27,12,2273,198,0.670731707
,,,,,,,,,,,,,,,,,,
Los Angeles Kings,82,2.41,339,537,43,15.1,5,2595,7.6,876,83.1,2.05,46,28,8,2149,168,0.658536585
,,,,,,,,,,,,,,,,,,
New Jersey Devils,82,2.4,344,541,47,19.5,9,2199,9,656,86.4,2.38,35,29,18,2089,195,0.646341463
,,,,,,,,,,,,,,,,,,
Vancouver Canucks,82,2.33,322,513,39,15.2,6,2527,7.6,1115,83.2,2.63,36,35,11,2327,216,0.573170732
,,,,,,,,,,,,,,,,,,
Florida Panthers,82,2.29,302,490,27,10,8,2451,7.7,848,76,3.2,29,45,8,2551,262,0.451219512
,,,,,,,,,,,,,,,,,,
Buffalo Sabres,82,1.83,252,402,36,14.1,5,2156,7,903,81.4,2.96,21,51,10,2816,243,0.37804878
,,,,,,,,,,,,,,,,,,
Tampa Bay Lightning,82,3.16,445,704,53,18.8,7,2428,10.7,812,83.7,2.51,50,24,8,2287,206,0.707317073
,,,,,,,,,,,,,,,,,,
Dallas Stars,82,3.13,440,697,55,19,9,2558,10,789,80.7,3.13,41,31,10,2454,257,0.62195122
,,,,,,,,,,,,,,,,,,
New York Rangers,82,3.02,411,659,39,16.8,9,2582,9.6,712,84.3,2.28,53,22,7,2418,187,0.731707317
,,,,,,,,,,,,,,,,,,
New York Islanders,82,2.99,411,656,50,18.7,10,2771,8.8,700,78,2.73,47,28,7,2321,224,0.658536585
,,,,,,,,,,,,,,,,,,
St. Louis Blues,82,2.91,421,660,56,22.3,2,2535,9.4,904,83.7,2.4,51,24,7,2233,197,0.707317073
,,,,,,,,,,,,,,,,,,
Calgary Flames,82,2.89,427,664,48,18.8,6,2252,10.5,626,80.6,2.6,45,30,7,2391,213,0.634146341
,,,,,,,,,,,,,,,,,,
Washington Capitals,82,2.89,415,652,60,25.3,4,2419,9.8,857,81.2,2.43,45,26,11,2368,199,0.682926829
,,,,,,,,,,,,,,,,,,
Vancouver Canucks,82,2.88,406,642,46,19.3,6,2453,9.6,892,85.7,2.68,48,29,5,2446,220,0.646341463
,,,,,,,,,,,,,,,,,,
Ottawa Senators,82,2.83,387,619,47,16.8,6,2539,9.1,841,82.9,2.54,43,26,13,2635,208,0.682926829
,,,,,,,,,,,,,,,,,,
Detroit Red Wings,82,2.82,399,630,70,23.8,3,2429,9.5,724,80.9,2.57,43,25,14,2322,211,0.695121951
,,,,,,,,,,,,,,,,,,
Anaheim Ducks,82,2.78,385,613,37,15.7,9,2458,9.3,887,81,2.7,51,24,7,2367,221,0.707317073
,,,,,,,,,,,,,,,,,,
Columbus Blue Jackets,82,2.77,397,624,53,21.7,5,2366,9.6,978,80.2,3.02,42,35,5,2742,248,0.573170732
,,,,,,,,,,,,,,,,,,
Minnesota Wild,82,2.77,381,608,39,15.9,4,2522,9,728,86.3,2.42,46,28,8,2265,198,0.658536585
,,,,,,,,,,,,,,,,,,
Nashville Predators,82,2.76,385,611,42,16.2,4,2614,8.6,693,80.8,2.46,47,25,10,2317,202,0.695121951
,,,,,,,,,,,,,,,,,,
San Jose Sharks,82,2.73,401,625,55,21.7,4,2591,8.6,760,78.5,2.76,40,33,9,2436,226,0.597560976
,,,,,,,,,,,,,,,,,,
Winnipeg Jets,82,2.72,371,594,48,17.8,10,2439,9.1,1068,81.8,2.49,43,26,13,2350,204,0.682926829
,,,,,,,,,,,,,,,,,,
Chicago Blackhawks,82,2.68,381,601,46,17.6,3,2777,7.9,596,83.4,2.27,48,28,6,2477,186,0.658536585
,,,,,,,,,,,,,,,,,,
Los Angeles Kings,82,2.66,379,597,47,19,7,2536,8.6,744,80.9,2.4,40,27,15,2214,197,0.670731707
,,,,,,,,,,,,,,,,,,
Pittsburgh Penguins,82,2.65,383,600,49,19.3,6,2594,8.4,1123,84.8,2.49,43,27,12,2401,204,0.670731707
,,,,,,,,,,,,,,,,,,
Montreal Canadiens,82,2.61,365,579,40,16.5,7,2334,9.2,833,83.7,2.24,50,22,10,2470,184,0.731707317
,,,,,,,,,,,,,,,,,,
Philadelphia Flyers,82,2.59,384,596,60,23.4,3,2413,8.8,833,77.1,2.72,33,31,18,2481,223,0.62195122
,,,,,,,,,,,,,,,,,,
Boston Bruins,82,2.55,358,567,38,17.8,8,2546,8.2,778,82,2.45,41,27,14,2449,201,0.670731707
,,,,,,,,,,,,,,,,,,
Colorado Avalanche,82,2.55,362,571,37,15,4,2286,9.1,771,84.6,2.72,39,31,12,2719,223,0.62195122
,,,,,,,,,,,,,,,,,,
Toronto Maple Leafs,82,2.51,338,544,45,15.9,7,2397,8.6,823,80.5,3.13,30,44,8,2748,257,0.463414634
,,,,,,,,,,,,,,,,,,
Florida Panthers,82,2.41,343,541,40,16.3,1,2516,7.9,733,80,2.6,38,29,15,2424,213,0.646341463
,,,,,,,,,,,,,,,,,,
Edmonton Oilers,82,2.35,324,517,41,17.7,4,2331,8.3,677,76.7,3.37,24,44,14,2464,276,0.463414634
,,,,,,,,,,,,,,,,,,
Carolina Hurricanes,82,2.23,327,510,45,18.8,2,2524,7.3,549,84.7,2.67,30,41,11,2236,219,0.5
,,,,,,,,,,,,,,,,,,
New Jersey Devils,82,2.15,309,485,41,19.3,7,2008,8.8,760,80.6,2.55,32,36,14,2518,209,0.56097561
,,,,,,,,,,,,,,,,,,
Arizona Coyotes,82,2.01,289,454,46,20,4,2393,6.9,776,76.7,3.26,24,50,8,2722,267,0.390243902
,,,,,,,,,,,,,,,,,,
Buffalo Sabres,82,1.87,268,421,30,13.4,7,1984,7.7,853,75.1,3.28,23,51,8,2920,269,0.37804878
,,,,,,,,,,,,,,,,,,
Dallas Stars,82,3.23,433,698,58,22.1,10,2624,10.1,719,82.3,2.78,50,23,9,2371,228,0.719512195
,,,,,,,,,,,,,,,,,,
Washington Capitals,82,3.02,422,670,55,21.9,2,2510,9.9,753,85.1,2.33,56,18,8,2332,191,0.780487805
,,,,,,,,,,,,,,,,,,
Pittsburgh Penguins,82,2.94,409,650,48,18.4,11,2722,8.9,693,84.4,2.43,48,26,8,2436,199,0.682926829
,,,,,,,,,,,,,,,,,,
San Jose Sharks,82,2.89,408,645,62,22.5,6,2491,9.5,727,80.5,2.52,46,30,6,2245,207,0.634146341
,,,,,,,,,,,,,,,,,,
Boston Bruins,82,2.88,399,635,48,20.5,9,2620,9,933,82.2,2.78,42,31,9,2490,228,0.62195122
,,,,,,,,,,,,,,,,,,
Chicago Blackhawks,82,2.85,400,634,57,22.6,10,2498,9.4,611,80.3,2.52,47,26,9,2526,207,0.682926829
,,,,,,,,,,,,,,,,,,
New York Rangers,82,2.84,383,616,42,18.6,3,2336,10,704,78.2,2.62,46,27,9,2494,215,0.670731707
,,,,,,,,,,,,,,,,,,
Florida Panthers,82,2.83,381,613,47,16.9,5,2358,9.8,849,79.5,2.44,47,26,9,2419,200,0.682926829
,,,,,,,,,,,,,,,,,,
Ottawa Senators,82,2.8,362,592,38,15.9,17,2325,9.9,892,75.8,2.94,38,35,9,2688,241,0.573170732
,,,,,,,,,,,,,,,,,,
Calgary Flames,82,2.79,407,636,46,17,10,2398,9.6,754,75.6,3.13,35,40,7,2377,257,0.512195122
,,,,,,,,,,,,,,,,,,
New York Islanders,82,2.77,377,604,42,18.3,7,2412,9.4,718,84.5,2.57,45,27,10,2495,211,0.670731707
,,,,,,,,,,,,,,,,,,
Tampa Bay Lightning,82,2.73,361,585,44,15.8,7,2402,9.3,809,84,2.42,46,31,5,2366,198,0.62195122
,,,,,,,,,,,,,,,,,,
Nashville Predators,82,2.73,370,594,51,19.7,7,2507,8.9,810,81.2,2.6,41,27,14,2242,213,0.670731707
,,,,,,,,,,,,,,,,,,
Los Angeles Kings,82,2.72,377,600,47,20,5,2625,8.5,866,81.4,2.34,48,28,6,2254,192,0.658536585
,,,,,,,,,,,,,,,,,,
St. Louis Blues,82,2.67,370,589,51,21.5,4,2474,8.9,861,85.1,2.4,49,24,9,2439,197,0.707317073
,,,,,,,,,,,,,,,,,,
Montreal Canadiens,82,2.63,377,593,42,16.2,8,2504,8.6,774,81.9,2.84,38,38,6,2408,233,0.536585366
,,,,,,,,,,,,,,,,,,
Anaheim Ducks,82,2.62,362,577,56,23,7,2483,8.7,1023,87.2,2.29,46,25,11,2258,188,0.695121951
,,,,,,,,,,,,,,,,,,
Columbus Blue Jackets,82,2.6,357,570,43,17.3,3,2387,8.9,995,81,3.02,34,40,8,2550,248,0.512195122
,,,,,,,,,,,,,,,,,,
Minnesota Wild,82,2.6,356,569,48,18.5,7,2374,9,545,77.9,2.49,38,33,11,2347,204,0.597560976
,,,,,,,,,,,,,,,,,,
Colorado Avalanche,82,2.59,371,583,48,18,7,2348,9,774,80.2,2.93,39,39,4,2649,240,0.524390244
,,,,,,,,,,,,,,,,,,
Winnipeg Jets,82,2.59,352,564,38,14.8,10,2427,8.7,920,78.4,2.88,35,39,8,2423,236,0.524390244
,,,,,,,,,,,,,,,,,,
Philadelphia Flyers,82,2.57,370,581,53,18.9,3,2540,8.3,966,80.5,2.56,41,27,14,2519,210,0.670731707
,,,,,,,,,,,,,,,,,,
Detroit Red Wings,82,2.55,349,558,50,18.8,2,2432,8.6,724,81.6,2.67,41,30,11,2439,219,0.634146341
,,,,,,,,,,,,,,,,,,
Arizona Coyotes,82,2.54,345,553,53,17.7,4,2265,9.2,1009,77.3,2.98,35,39,8,2539,244,0.524390244
,,,,,,,,,,,,,,,,,,
Buffalo Sabres,82,2.43,322,521,48,18.9,6,2418,8.2,749,82.6,2.62,35,36,11,2511,215,0.56097561
,,,,,,,,,,,,,,,,,,
Edmonton Oilers,82,2.43,343,542,43,18.1,5,2386,8.3,794,81.1,2.95,31,43,8,2548,242,0.475609756
,,,,,,,,,,,,,,,,,,
Carolina Hurricanes,82,2.39,328,524,40,16.8,3,2451,8,562,84.3,2.7,35,31,16,2261,221,0.62195122
,,,,,,,,,,,,,,,,,,
Toronto Maple Leafs,82,2.34,339,531,40,15.4,3,2515,7.6,756,81.6,2.93,29,42,11,2503,240,0.487804878
,,,,,,,,,,,,,,,,,,
Vancouver Canucks,82,2.27,316,502,39,15.8,4,2311,8,821,81.1,2.92,31,38,13,2668,239,0.536585366
,,,,,,,,,,,,,,,,,,
New Jersey Devils,82,2.22,297,479,51,19.9,5,2003,9.1,814,83,2.46,38,36,8,2349,202,0.56097561
,,,,,,,,,,,,,,,,,,
Pittsburgh Penguins,82,3.39,475,753,60,23.1,5,2756,10.1,703,79.8,2.79,50,21,11,2671,229,0.743902439
,,,,,,,,,,,,,,,,,,
Minnesota Wild,82,3.21,446,709,47,21,5,2527,10.4,669,82.9,2.51,49,25,8,2465,206,0.695121951
,,,,,,,,,,,,,,,,,,
Washington Capitals,82,3.18,453,714,57,23.1,5,2495,10.5,750,83.8,2.16,55,19,8,2282,177,0.768292683
,,,,,,,,,,,,,,,,,,
New York Rangers,82,3.09,428,681,47,20.3,9,2438,10.4,593,79.8,2.63,48,28,6,2476,216,0.658536585
,,,,,,,,,,,,,,,,,,
Toronto Maple Leafs,82,3.05,411,661,58,23.8,6,2617,9.6,799,82.5,2.85,40,27,15,2673,234,0.670731707
,,,,,,,,,,,,,,,,,,
Columbus Blue Jackets,82,3.01,400,647,42,19.9,10,2540,9.7,714,82.5,2.35,50,24,8,2489,193,0.707317073
,,,,,,,,,,,,,,,,,,
Winnipeg Jets,82,3,417,663,48,18.2,10,2448,10,835,77.5,3.11,40,35,7,2546,255,0.573170732
,,,,,,,,,,,,,,,,,,
Edmonton Oilers,82,2.96,400,643,56,22.9,4,2547,9.5,738,80.7,2.52,47,26,9,2416,207,0.682926829
,,,,,,,,,,,,,,,,,,
Chicago Blackhawks,82,2.93,407,647,42,18,1,2508,9.6,584,77.7,2.59,50,23,9,2574,212,0.719512195
,,,,,,,,,,,,,,,,,,
New York Islanders,82,2.91,389,628,35,15,5,2480,9.6,648,81.9,2.9,41,29,12,2616,238,0.646341463
,,,,,,,,,,,,,,,,,,
Nashville Predators,82,2.9,387,625,49,18.9,12,2557,9.3,833,80.9,2.68,41,29,12,2472,220,0.646341463
,,,,,,,,,,,,,,,,,,
St. Louis Blues,82,2.84,394,627,50,21.3,3,2330,10,734,84.8,2.63,46,29,7,2327,216,0.646341463
,,,,,,,,,,,,,,,,,,
Boston Bruins,82,2.83,366,598,53,21.7,10,2721,8.5,831,85.7,2.55,44,31,7,2194,209,0.62195122
,,,,,,,,,,,,,,,,,,
Tampa Bay Lightning,82,2.8,395,625,62,22.8,4,2452,9.4,875,81.4,2.73,42,30,10,2492,224,0.634146341
,,,,,,,,,,,,,,,,,,
Montreal Canadiens,82,2.72,378,601,45,19.7,5,2459,9.1,759,81.1,2.42,47,26,9,2429,198,0.682926829
,,,,,,,,,,,,,,,,,,
Calgary Flames,82,2.71,396,618,52,20.2,8,2388,9.3,956,81.6,2.67,45,33,4,2354,219,0.597560976
,,,,,,,,,,,,,,,,,,
Dallas Stars,82,2.71,374,596,46,17.9,5,2505,8.9,810,73.9,3.17,34,37,11,2439,260,0.548780488
,,,,,,,,,,,,,,,,,,
Anaheim Ducks,82,2.68,364,584,47,18.7,9,2425,9.1,934,84.7,2.4,46,23,13,2429,197,0.719512195
,,,,,,,,,,,,,,,,,,
San Jose Sharks,82,2.67,382,601,41,16.7,7,2453,8.9,642,80.7,2.44,46,29,7,2269,200,0.646341463
,,,,,,,,,,,,,,,,,,
Carolina Hurricanes,82,2.59,363,575,41,17.7,10,2493,8.5,476,84.2,2.81,36,31,15,2320,230,0.62195122
,,,,,,,,,,,,,,,,,,
Philadelphia Flyers,82,2.59,358,570,54,19.5,4,2585,8.2,844,79.8,2.82,39,33,10,2334,231,0.597560976
,,,,,,,,,,,,,,,,,,
Ottawa Senators,82,2.51,346,552,43,17,7,2463,8.4,848,79.7,2.56,44,28,10,2467,210,0.658536585
,,,,,,,,,,,,,,,,,,
Florida Panthers,82,2.5,346,551,45,17,8,2644,7.8,813,85.3,2.82,35,36,11,2595,231,0.56097561
,,,,,,,,,,,,,,,,,,
Buffalo Sabres,82,2.43,332,531,57,24.5,3,2491,8,741,77.6,2.82,33,37,12,2813,231,0.548780488
,,,,,,,,,,,,,,,,,,
Los Angeles Kings,82,2.43,341,540,46,19.1,5,2553,7.8,754,84.5,2.45,39,35,8,2120,201,0.573170732
,,,,,,,,,,,,,,,,,,
Detroit Red Wings,82,2.41,334,532,38,15.1,3,2335,8.5,718,80.9,2.98,33,36,13,2507,244,0.56097561
,,,,,,,,,,,,,,,,,,
Arizona Coyotes,82,2.33,324,515,38,16.2,8,2281,8.4,809,77.3,3.15,30,42,10,2797,258,0.487804878
,,,,,,,,,,,,,,,,,,
New Jersey Devils,82,2.2,298,478,44,17.5,6,2279,7.9,817,79.6,2.94,28,40,14,2572,241,0.512195122
,,,,,,,,,,,,,,,,,,
Vancouver Canucks,82,2.17,292,470,32,14.1,2,2273,7.8,648,76.7,2.94,30,43,9,2605,241,0.475609756
,,,,,,,,,,,,,,,,,,
Colorado Avalanche,82,2.01,278,443,30,12.6,5,2303,7.2,767,76.6,3.37,22,56,4,2603,276,0.317073171
